0,1,2,3,4
0.37924376563636125,0.9893781167019872,-2.1099404318442696,-0.22980495576662938,-0.9270799905449336
-2.252898234884353,-0.6888411829181565,-0.7993951260059525,-0.5792168399231277,-0.1698776662012602
-1.168350696643215,-0.8568376066005535,0.5669750928992321,0.48048117716682565,-0.471672487603141
1.2019656216902517,0.048390017659746466,-0.0014428988625603473,-0.3868326418667299,-0.11423348923078781
-0.6607385911464358,-0.6648534028675835,0.6239246662547473,0.4216155413693742,0.3694868922693248
0.32755904004441305,1.452741960989835,0.12644083103467543,1.08770585526875,-0.6186152785397464
1.508127079145563,1.3798457521444352,0.6808677941875395,-2.2493318984440043,0.8001151239320113
-0.8889089578612135,0.09513641896969434,-1.287415913860736,1.8044801395692924,0.4266960523343616
-0.9592846305035969,-0.4271270639839454,0.2180848525247276,-0.6320603794319054,-0.4723307551995688
-0.492719304254721,0.5108078098416199,-1.566567073695802,1.3164582071966027,0.27595178044409874
0.44105657917458413,-0.6562736243804637,0.7832819308368743,1.5515920584906604,0.9842270991462421
-0.20476424830362788,-0.12501677594864968,-0.31056990872157003,-1.4689081035067653,0.9931074369103672
-0.9778069287257831,-0.5304667003072613,0.655324411572857,0.17693835608696531,0.6682091225285391
-1.5729465874583861,0.10558639926694544,-0.5374673596707467,3.4662599143917032,-0.06499842427498163
-0.3702615655181222,1.1283504066274002,0.32864340325320957,-0.21462672444503172,-0.6200986340988923
-0.2211454662157182,0.7424780410956341,1.0540719714289732,0.4862825634197222,0.2241042671230636
-0.5352128221369248,1.1436031545189003,-1.979699319154182,0.3308851199229782,-0.4661361949837078
-0.26197217305542525,-0.9147142450554254,-1.867388184587189,1.2679020809298387,-0.3320868803872695
-1.0954149186598587,0.17980167192443253,-1.83235567102535,1.090514205544607,0.9248148067206017
0.5492334898275282,-0.9833478202008508,0.8485921151401355,-0.9464506103358022,1.4470255204946292
-2.174620566296389,0.3848285707519789,0.4051872600616823,-0.43849914361069514,0.5958321074886187
0.14461465145610045,0.32569763223967013,-0.7024560365600069,0.3432206722655264,2.0532705562614857
0.6690334353023025,1.2963103685596764,1.4990460212846446,-0.058403381946511054,-1.5292503416720897
-0.8488291597579197,1.0992294834920069,0.1377948657303644,2.5349746877350747,0.022687575201630176
-0.057090119192941324,0.6532230487491745,-1.5868213999034526,0.43864543776020176,0.09528481010995193
0.2917862643537956,-0.5050733872714097,-1.0191455148376414,0.43751771799850375,1.614526335132839
-0.614618540132659,-0.47599380698338734,-1.3852337410259272,-0.8376759951870594,0.5012731719476368
-0.013643188567060215,-2.0515614218312512,0.9548864303071471,-1.3075026160247538,-0.3238402110906838
0.412113496148595,-0.44830453793944186,-0.6011203193709596,0.7941427154216547,0.554216610096276
-0.9371495953616065,-1.5511965348609675,-1.1718908041452765,-0.19726378944560716,0.6424434553001153
1.0945384609096487,0.9019399718589837,-0.8364305244530653,-0.8314742721596697,-2.0274763751347047
0.3211807329688738,0.13828744905372356,0.852969530087173,0.895954060001157,1.0230809420051694
0.015112838544050605,-0.3784077585015524,0.4773311786765789,-1.8134864204282541,-3.4915418173560986
-1.1644925412165643,0.14306425738602863,0.3023200749468958,1.5666834539479688,0.10948963516829506
-1.2158489848242506,1.3491160542913463,0.04297482930469157,0.11015483625554011,-0.3551109128364584
1.5907879767585857,-0.44844211135095413,-0.9488532300571758,-1.161101528416231,1.398557480715299
0.5264750485955497,0.16841132092166575,0.5416083662554579,-0.39753570256193,-0.513474956829347
0.26481859176360323,-1.120496695012734,-0.8211282587188908,0.25429431104049244,1.9171796431233648
-0.39359789057941147,0.40073090756308977,-1.071905048449092,1.2077894360742603,0.7784105635414895
-2.176310038336253,0.7390626447029875,-1.0740916363782602,-1.0335416126999137,-0.24645511014378585
-1.1956544320255853,0.9000447046296288,0.869552807313267,1.2951467542858774,-0.9035316538907641
0.3653283924318461,-1.5312182721590784,0.9810514145252616,2.768123033342215,-0.4959022581594139
2.4124430571706217,0.5046207868664774,-1.7588253691390112,-0.49534714939236496,0.37449478615130055
0.7402472205793961,-0.8642146459389498,-0.14809595756703878,0.4687655244218628,-2.370532099181133
0.3097463886073704,-0.3765549519871005,0.2519417461753911,-0.6572968871560076,0.6150620076749618
-0.5419871831133143,0.7880104050467668,-0.6103846258928349,-1.7169572422743247,0.2794649818262405
0.12228318413849922,0.29820564149695455,0.7609798102183828,1.470519104106399,0.8188650882582693
0.9622793327700602,-0.1637418368048532,0.25442950225039,0.6941372656003603,2.047506542051064
-0.25397484332326475,0.6067325455344661,-0.1528336769373822,-0.5106969866746423,-0.32374435117048284
1.8917559892636338,1.6344986789099176,-0.5574108752091806,0.11338738332086845,-0.9805422929348573
-1.2202541372276348,-0.6234937243166809,0.6770176568474456,-0.22980714766401525,1.1796341704800162
-0.3762371439886734,-1.3501001659432206,0.8492974404220573,-1.4617328400193175,0.8945827531871946
0.05242914877722317,-1.1622409790450559,0.4693071825899511,-2.882336139939658,-0.14293062305506934
-1.9539337006085302,-0.9442792014315519,-0.23978170448925845,-0.04746760752936984,-0.5934705293244161
0.5654205711601984,-0.671210939873945,0.920985453809901,-0.46246595036189087,0.2489171983275949
0.07779446240027807,0.5766811698618196,-0.9068813784070876,-0.5766458947511249,-1.129782344211279
0.08070118762632249,-2.085770087762043,0.14444060627546973,-0.8459683595027911,0.06609461451745134
0.7947078094374647,0.2359638835780386,1.3964090281817982,-1.817235514100335,-0.637924594345657
1.043688936478717,-0.7784213500002719,-0.18969875960488614,-0.5217306144354465,-0.8193076465712014
0.8021846480275352,1.0995619453953809,-0.8438358908260015,0.1614358780473343,0.9679535216687448
-0.4688243648356266,-0.8555642956360415,1.9434380498473138,-1.061810874867908,0.03034900985057767
-0.04659237432659478,0.00755762356315009,-0.24692154057488083,0.45049373922111224,1.3510965238217287
0.35345303478242585,-0.9375857688021142,0.4416191558659074,-0.2727980732238055,-1.0863742627125912
-1.25680056318429,-0.6815596825091829,-0.8036114842203618,-0.10145435073485791,0.2402650390711708
-1.0360314378795368,-0.260139430391064,0.2876094327044763,-1.4291059479286674,-1.0461812787950293
-0.4269626877635326,-0.22879536430881167,0.46701809375389836,-0.7644094386913795,0.6187176446859998
0.07766867943203025,-0.5248129939899124,0.004561609561917072,0.4101375433119929,1.3050342078901274
1.7909302589606038,1.1283185147553396,0.3260903586032651,-0.7899327490604915,1.0234910813683669
0.7972631354069054,0.5501392495221491,1.2045867165334918,0.16163712936932895,-2.115382450617254
-0.4425007408247044,1.855147360699228,-1.4041158320708578,1.9779039973634922,0.6817288673196708
-0.6290910915148156,-0.277298794530625,0.2055635554543307,0.7952664273097616,0.008709275424488553
2.733540381313242,-2.0992388509903686,0.02840893391826976,2.360329964943439,-0.5474127631879068
0.16743907748504702,0.6384837694183528,1.930515408752332,1.17539509969254,-1.6509843429988895
-1.4126538831818047,-0.3741792999141214,-0.0069244513018720845,1.951248716774488,-0.5070555499329203
0.9749880550689736,0.6953483261512465,-0.33824164727231126,-0.9046563642051778,-0.32979114942390214
0.28971898421853504,0.8776287408712873,0.5282657836813659,-0.6821521915665473,0.1683537982489725
1.1654082510921537,1.0336056485866656,1.0568995943401631,2.0182915767098963,2.536740030138876
-0.9087056163188821,0.4197913203696499,0.014740616602441846,0.4543431783611927,2.293626661405451
0.24057503722945237,0.6010692278812554,1.6147612669122882,-0.042104179819023105,-1.3186609174592003
-0.6540463351916233,-0.6740183137170884,-0.8158549618561773,0.4581673042415929,-0.47413473404022216
1.2749545383067162,-1.0951784569023664,-1.9977591243665247,-0.26414413603150644,0.9873819930170413
-0.5511906109359416,-0.26761672568583755,-0.7481914083147494,-0.2919851473516534,-2.073026432339281
-0.08740886828178718,0.18655037190130697,-0.19930402063847197,-0.38679814359135256,1.2440261199834117
-0.3478203182597412,0.9509446718300874,-0.3727600779704416,-0.5539929329926511,-0.315239580949814
0.993962534155598,-0.790518736896563,-0.8473711601647919,-0.9437279284295794,1.3992939989343312
0.42843617302381,-0.4894779819324571,1.3372380431281679,-0.05984818264888248,-0.8798813954341257
-1.0041852801619722,2.9744738706019818,-1.6163172579478542,-0.57468477010614,-0.9224724553520728
0.5057070094587519,0.9611489267513201,-0.4741079205269033,1.0213765504107242,-0.3097676347676512
0.3319537213967559,-0.5578031646241107,-0.6661638251940896,-0.1398305329424447,-1.0329641473498716
-1.635412522688113,-0.10655515156563967,0.4783746831150033,-0.08155110305924797,1.103350733890249
-1.906840205316188,-0.2151612465028923,-1.0410581330121509,1.2582467519583556,0.342108930771533
-0.04039872104249828,0.47348969209845115,-0.8206590906575718,1.46853400199602,-2.2639932224793204
0.6971933296464154,1.3656409583924758,0.10112960601310973,0.03294085603923276,-0.9032858166848248
0.16880257548866973,-1.6378037160691343,1.0839825368645837,1.6924781452955238,2.9700289502244988
-1.5437963257312286,2.0237288649669884,-1.854527237382973,0.4757285583882623,-0.011766295948692196
-1.5518023941417047,0.7777892855883732,1.7997527857880928,0.3685302184176957,-1.9995390688030947
0.8670778036193834,-0.5489019232298151,-0.8783743055785324,2.1920007242330604,-0.8880153113495948
-0.14537299042339738,-0.12601136011643427,0.6477327264332123,1.5356851048607072,-0.4199023974640534
-0.38624166381701236,0.2995804072999294,1.0495650322524903,0.9072602153229078,0.6945783562834369
1.3162041123628028,0.29617118400922293,1.3230933768457083,0.40225958235528053,-0.1627526950359408
-0.7964642265938849,1.2007829175484088,-0.5173589656379755,-0.5383820009670758,0.10157664166276248
0.13544137188559524,1.0901728267347701,0.024314949711056043,-0.11521548830595825,-0.01785846144093511
0.4178064302085956,-0.35870322534597454,-0.16236687355354174,1.822000055302994,-0.9603270918466369
0.8198796459636996,-0.12992763049026648,-0.605661086067383,-2.021506658060259,1.1728056452554394
-0.8543533791200093,0.7337375237758121,0.2717097640090158,-0.636977460723231,-0.36527268328747614
0.3573185881851168,0.12033157031684402,0.35864341217906065,-0.18880322416010792,-0.46341064454282954
2.7484665558752126,1.1363312846882434,-0.35231512278068694,0.14827504194467547,0.19498957197739974
-1.5129769935281945,-0.6867731187192173,0.13235992819972,-1.7838800439641307,-0.06694650265185462
0.4339790327735997,0.4716828634427732,2.6735817771994133,0.5290675479519777,-0.5215301366682672
-0.22976773346402185,0.288342465455934,-0.00756607544454132,0.7297318614739305,0.12709976104229917
-0.8270863762990909,1.391854835046807,0.7103029366613927,-0.9401349233991163,2.1130184739352478
-0.8319826153934357,-1.345502010161095,-0.4625393628128969,-0.2592869495959227,0.5412810961342118
0.4978995005833048,0.0007474061917342323,-0.5278779006001106,-1.2135448335720638,-0.6550852734147788
2.3156261033445,0.05349480757376755,-0.3457870669044991,1.624549666832808,-0.8695287271421545
-0.7938257016525374,-2.3419051939116775,0.5645577737343658,0.3735124082899207,-0.23889789167638775
0.5409595692819762,1.2480951445541644,-0.8015391440020753,-0.2508917946925898,-1.5759873206031325
-0.5590613571116018,2.8092318535650804,-1.8529467851682253,-0.9254559015090313,1.825751228025548
1.9765660583266722,-0.23218486177562675,0.05321601745318694,0.09866032952290502,0.20426747881542937
0.5446603752894342,0.28703214689339057,-0.4364152170548885,1.684279840051991,-1.1633957924153313
-0.13790555777794064,-0.46460448989335995,0.28000747226616335,0.27525939974614316,0.12060981864502418
0.6198756357506638,0.384317776712264,0.08460588718094782,0.35328937939702065,-1.4435183741539062
-0.005582783444905638,-0.379827523353313,0.7291190595681397,-1.200375563143275,0.5823460460466524
1.1071992454242,-0.10177822754549692,0.9007530956458278,0.16612867589187444,-0.18146546682504383
-0.18559010843714316,1.6181511417031273,-1.3256382945318579,0.7761617639200309,0.04200978163585453
-1.1214178125119039,-0.8472298826498614,-1.5245788284850108,-1.381435403049753,0.3618419460521858
0.24644951639911142,-0.5758831767128223,0.5024333330628603,1.1282790202846007,0.8537146223048301
1.5610372301851878,-0.07591312836854859,0.30639142564949956,2.465439585033098,-0.8097720181719122
-1.1966217145627187,-0.13247159217773302,-0.9391604653186612,-1.557917218415742,-1.4670506686685039
-0.24234527799220368,1.4393096661368199,1.2374021264301471,-2.06664782021846,-0.10389623740171973
1.0048281634424974,2.0312629150247345,0.03301191455503174,-0.07259866547851565,-0.8229133918953492
-1.9201258051273828,-0.9782016100502328,0.12356831822123095,0.7591114402061584,0.42498141556926194
0.6254457794607999,-0.6410236679923804,0.27393937955076575,-0.08166414843976778,-1.8546843724269695
0.7529604177825944,0.5204756695160382,0.75416580828241,-0.15847329064369192,0.8585750887923957
0.21348368352270505,-0.3806999961539923,1.5244975057337946,0.006498036501284232,0.30639365064811
-0.7702340728685726,1.9928519412433794,-0.2619757622557045,-1.0646078016348863,-1.1115617525525376
-0.007134652528742779,1.635870248149447,-1.7306835077729457,-1.643915073449671,-0.31724072189192626
0.09318652477743518,0.5590188913295038,1.0134642999900811,1.5815498280031206,0.8378626538476843
0.9352512073907194,0.5636375844070238,-0.9277360984462993,0.29261414035481037,2.426465310571168
0.6635179218316027,-0.33839662132427645,1.2436802862235812,-1.1876085783223629,-0.3510894418001681
-0.3502326667352054,0.763647371585355,-0.5894886975858903,1.0759367365656056,1.3819618389481474
-0.050833096481612904,0.14157116726305394,-0.8059780947142676,-0.12177022983076677,0.20689047369599192
-0.8126970707666029,1.9281341029701518,-1.112599052753203,0.7407715388786325,-0.20749723790563335
-0.43841993469692725,0.6706379095533336,0.9569395680993761,-0.8407176256223609,0.34025703517903194
0.8586099946354939,-0.11011123699940277,-1.36305158893729,-0.3494708037261583,-0.49811214512551133
0.19521593523833788,0.370962258011913,0.6805849627241476,0.02963195672280579,-1.4213946659622185
0.888862153882707,1.096594693348337,0.4378236225657294,1.952373460463345,-0.27077415357285023
0.06922182103925019,-0.39816310715507985,-0.1432675466720413,0.4590235319408372,0.43966310981035156
2.4868213202973446,-0.08546255128850323,-0.3415325046005562,-0.39931193046828184,-0.5061437720799781
-1.6656431178814988,2.3732874111530164,2.0578106340641864,-0.22538464334669242,-0.1843482325035024
-0.41592794485202145,-0.4739210199352578,-0.37453503542579547,-0.28028294287323147,0.4019990099650323
-0.08422460647089468,0.9463408584182477,-0.19020319745284162,1.3067245625781412,0.539228241274748
0.08925194750748912,0.8181615758669866,-0.938732410611696,-0.2843751348672337,-0.733593217845961
1.4561472004753482,1.5889708844388353,-0.8134623643831701,-0.7917104898365719,-0.26837198934066364
0.2194535186380823,0.5260119972120568,-0.5836187515285968,0.24061888824691163,0.870598427714588
-0.1148772519193208,-2.4651975526620715,1.7095253705238673,-0.09464598383492762,0.330760518899065
0.06860246948309882,-0.8525279425645218,-0.390419817771038,0.7932346778077527,-1.347896678886684
0.7514948569701009,0.5117354127604801,-0.6900653632797968,0.9594395284631194,1.5478717852274253
-0.689427057923177,0.2577749113744075,-0.44822070192909347,1.0871028185114515,-0.6166367455928676
0.45081358452441705,1.9624473950016648,0.7143763500996115,0.6471687146452771,-0.6985709623065113
-1.5650246578567293,1.4063149089252376,-1.315731248283109,0.6325501701491587,-1.4235950841295335
-0.07879592366242866,0.49683373192458263,0.6271220952631515,1.9032763226618685,-0.10963236063910996
-0.9417919690610346,0.08283056227552456,-1.331294843260683,-1.1600255372308785,-0.10271210893202325
-0.6528615058162152,-1.5484778649764492,-0.13084815175966594,-0.3473092629209283,-0.32271660435740845
0.28252923991698775,1.86315963313024,-1.8268961707179654,-1.6950646574154684,-0.8395873868404201
-1.125079042985369,0.13402662181890768,0.5359224651101548,0.9193860590362601,-1.6605510053617016
-0.9889740871431854,-1.5460025738262118,0.6928647154366373,0.021531216855268254,3.012486572986121
-1.5158587610489695,0.43328239619163067,-0.6875497550807421,-0.29934033374273317,1.5008404629141148
-2.2285104768731516,0.10295421998746496,0.3175757564404239,-1.7210158434257739,-0.3589916254108763
-0.15152167830330443,-0.5703460998766418,0.1628423401242703,0.1834318711220029,-0.11487932945158134
1.1627443656063587,0.4930621566937509,1.1591159058306397,-0.25973229670922865,0.3589011462194395
-0.18193628615535382,-0.7075132135079771,0.1283880586636015,-1.354788946478882,-0.012137354515694726
-0.23395354033095395,-1.3480250359708517,1.0394581333017259,-1.1574420005099904,-0.5703597609976977
-1.0467340698833663,-1.7543015309361993,-0.11677114130452972,-0.7619863597848336,0.9340347695069388
1.583318877787041,-0.36380895464737406,-0.648296910104249,-0.2502995871744051,-1.1383167935290097
-0.24941342152459242,-0.6270940056261208,-0.03798120488763932,-1.6487630853608768,1.9572381945266069
1.2940190083550596,0.44015025271405184,-0.1993248187721145,-0.1819906172695107,-1.7632294703787474
0.3619801379203092,-1.502641128909149,0.8816698720156926,0.6156872297201794,-0.323334329846516
-0.26305250870365376,-0.2082354443499714,-0.05614407090693336,-0.37667427086739147,0.8725921926556601
1.0821444519165568,-1.5051254595832289,-0.8412388693873993,-0.6980352695860178,0.11791539067019079
0.9824340801928906,1.8097408226748568,-0.1548438380860421,0.30412243003019707,-1.5030547949099913
-0.11144396428885531,-0.11697256775187287,1.1885946704642725,1.1010799190819232,0.92183521978273
1.7812950215035785,0.49494314446408133,-0.6586167625113961,-0.4667122487681585,-0.8146708388232977
-0.06561487573904039,0.908594854357714,0.9839906680986538,-1.4358206479116877,0.40371008860721747
-0.2556808653698833,-1.154218834768581,0.10122749455856342,-0.9777161085512129,0.7561574075349154
0.40463815703946654,1.2575555174313449,-0.36270582412013874,0.6058945995148817,2.184439682192335
0.3517567533270976,1.4525324167392497,-0.7388278318251205,-0.11365452474582227,-0.09378254365691835
0.8075110602082851,-2.0768114851631014,-1.4798424102299428,0.7645615509897853,-0.2942060889833234
-0.2555904923077814,-0.17648800406655712,0.15337174947239562,0.6698974554349975,-0.5048055943716554
0.7151132787856863,-0.6520821914757466,-0.3170174718609809,0.3757836887754705,-1.9269990121994434
1.0485973128635966,0.15653380369264014,0.3189182524030492,0.7666528141731477,0.5213806671775825
0.17754855501654979,-0.8502257943073469,-1.4565465879468655,1.5234718446074351,-2.0544111738406245
0.15329768482798387,0.27904591870816337,1.3218345018847875,0.5768241938035289,-0.26983751199075473
-1.2543244783163716,0.5970937305061038,0.48720393755109287,0.4259730161207661,-0.27503205798721475
-1.172800858308843,0.2447167078063504,-1.5666262491465728,-0.042930970547638225,0.8451447528381416
-1.4614418150777964,-0.11834651107508357,1.0570596289495264,-1.2422630112412125,-2.771181437736267
-1.2442879871064025,-1.289407881945159,-0.5875777965792978,-0.5049516714751351,0.9180749087227255
-0.15509937533476353,0.05756364172883399,0.3022216179323863,0.3258513108152106,-0.5192543438120222
-1.6149138135016017,-0.5209328872724638,0.21946238842098223,-1.111423372662925,-1.2930121662482186
2.2460651497848283,-1.2790268917796461,-0.878201101512337,0.468184324109162,-0.008718092674933406
0.7392811323097191,-0.05622723150010028,-2.8613997592708458,0.3226128761913165,0.23335268086434766
-2.0676453626332867,-0.20968028317219847,0.5355552965852499,0.10002143762123518,-0.4241956992967827
-1.1545505814042998,0.19210155851939228,-0.342037309902017,0.30143458082096924,-1.4694486759317493
-1.7128790865288617,0.5762441937786962,0.41891270841030254,-0.022054734196342254,0.1973422214738797
-0.45989454212637165,1.305783771558152,-0.6896807207737093,-0.008757928752054943,-0.706875529172642
1.0910001033729266,-0.729305831865504,0.6711910412909398,0.9294551311499071,1.2163672597166924
-0.1638802567567268,-0.8645746875782429,0.1508974605190171,-0.09043231203494817,0.3671704208653609
-0.06724047024433477,-0.0949209914065763,-0.9913188848351315,-2.641145787491547,-1.2675155628458588
-0.555661447134641,1.303681373529444,0.47450897023527233,0.19596962207353363,-1.795454596391235
-1.3515563425219967,-0.12581218055603688,1.252165854769919,0.9597222072498024,-1.057839477251512
0.36421132273480855,-0.5968737849560233,-0.89262265566066,1.3803243797304767,0.1515444814489134
-0.45220760497853035,-1.52064632561286,-0.8952742293683715,-0.9414636379562257,0.4112640682043472
0.7833659698860603,0.6718416006634998,0.3133259275261053,0.7608681043969746,0.07049778620993333
1.2372366478797554,0.022844290056117347,0.6670331612688736,0.23792044791237857,-1.9330266037242225
1.0771981814334588,-1.177788586253954,0.8281165523035356,-0.2083734594410435,0.818722013821727
-0.03484112360373874,-0.33457816409974733,0.006509278227317499,0.024739199240944167,1.2617571090616932
-0.5039873339626982,-1.8294552086078968,-0.2358921971367224,-0.02809110360590999,1.167342864584274
-1.2240189748087882,0.4299895969522033,0.6528210949528415,0.1403591282200918,-0.5703299948780246
0.11850908278749826,-0.17399346231366505,1.9645325115611416,0.23758618267376136,-0.3938975715780917
-0.34093043859407146,-1.3594280214305148,0.0845369570761526,-1.0450000183876749,0.2502058716463251
-0.17331833098415728,0.9705066819692363,-0.5745140612584887,0.9657666418664592,0.2521248089648123
0.616300507674839,0.14363981048729507,0.49975063074340503,-0.21975652059169712,-0.7714789052721719
0.8639193695876953,0.0826035911582753,-0.4841044826118511,1.4145358576955929,0.9195454583606913
-1.4169141669762517,0.7166640145579568,0.23844563564852828,-0.9241866559268953,0.8521575484497782
0.19995195861503573,1.1934838620051997,0.778248191474934,-0.5941408199074171,0.6571261897108512
0.19582685281980336,-1.0710619187460761,0.9242729318958964,1.4212754514495758,-0.7534643404232038
-0.1511324029381843,1.3189022093125444,0.5881379142935707,1.4076076467096668,-1.338501825721383
0.8927841630344184,-1.2100031411946368,1.3779342772046028,-1.0290007554834326,0.6522250838838239
-0.3641901880836253,-1.0741149017733262,1.851204932796976,0.20651223140111385,1.447216675248885
-0.8261886885603598,-0.6725600818429419,-1.8976647674446812,1.3411113059024826,-1.2901259740332658
0.27601130526877565,0.7364621815754544,-1.7786841791078145,1.332716574126045,-2.208189200045856
0.4597973009726811,-1.0699606928002834,-0.9226412366067337,-1.2848947039163123,1.4361081165096683
-0.21750667038524896,0.33471511952613775,-1.997927083627562,1.6183758909432602,-0.061672202755905764
0.7961229674314036,0.4118825952551499,-0.3571000577226889,0.6616437681169165,1.177806454354101
-1.5180225678858077,0.15412018753439347,-0.3364007598888218,0.22734644227017883,0.9855134178134566
-1.0749170323859565,0.5545706976703294,0.2504260047872476,-0.22557613072057472,-1.2185783955428815
-3.072165733972011,-1.172845688456154,0.2861619011701816,-0.9659934373062768,-0.43187829006923456
0.5214071886257189,1.0075866859621985,-0.6861685681124332,0.09501786101195368,-0.8349412942972643
-0.9910236264755561,0.1135202801102078,-0.8133144877444947,-0.25673250089509,0.17968010364840098
-0.25312573750333156,0.7300508674443023,0.7934025588518748,2.3101314054725193,1.1663024250344318
1.009265262358964,-0.98351178051884,-0.38194525395133366,0.19005972205310567,0.05598594228617761
0.051012053097210554,0.05203155671805417,-1.371204170162981,-0.17340399402517043,-2.100041845720212
-0.4404327910107932,0.8775993725947273,0.010307454425545731,-0.014028823075763473,1.235297089420208
-0.8484694113043354,1.0141410409421336,0.2041320457479793,-0.6127383136131138,0.0026715270095200856
-0.240370839253825,-0.0843484107867966,-0.41102550632453966,2.071799944167331,-0.45953679182033347
0.6029294361615335,-1.8535315763462115,0.6635611793443129,0.6370240853337541,-2.103176591870821
-1.5162536510263447,-1.0968207098593294,0.2257821394344357,0.07489393279646761,0.37392168496567546
-0.06834850228142643,0.21862762752516926,-0.21284311313157703,1.12326719319063,0.245180507935031
-1.420725923074849,0.46312419493149104,0.45818182285672304,-0.09774770541420154,-1.078065162319935
0.6693651308230235,-0.6126300242204026,-0.4414173788084318,-0.5566198937463411,-0.7301623324521026
0.6832366377244184,2.244399810639332,-1.0549467222773432,-0.6154990060817929,-0.9163272699033307
-0.8821362232269412,0.07234760835936024,-0.15558425950582677,1.6045532095976818,1.7875531754024012
-1.5045087554799057,0.8655143963027548,0.12914786325199207,0.7684954341410045,-0.8204035291977001
0.43313939884596314,-0.4156964665956981,0.5094283275975426,0.0869334732795279,-0.19671133785396752
0.8082557134375145,-1.1149381059262409,-0.03012352949432007,1.7043591390955268,-0.8901437419684087
0.7628491258071819,1.0376732152794814,0.5963356257664666,0.2900428197285631,-0.012265249810327191
-1.1821270339453964,1.8222115284310583,-0.113528445688638,-1.4198992062939138,0.07281448237808169
0.5838476901042132,-0.5289884930767559,0.8070244154411119,0.47527355694347584,0.9394163082376921
-0.5800096818839672,-1.6279667329955878,-0.08980273958137777,-1.4473190376664595,0.6752373383812517
-1.5558964818587804,0.2641367419152501,-0.09186067144188656,0.9493795226319687,-2.132740692977919
1.100208456295228,-1.1271461856591727,-0.921238282183121,0.35122397454644977,0.21992963720874462
0.17505830190117946,-0.5591758590352209,-0.9269515332324004,-0.8722815726977291,0.966285538729554
1.0036113103330715,-0.8088451565373621,-0.9612206727521406,-0.398127171524486,0.3499941083527682
1.5110081742789663,1.1610042855965546,1.7848298388668364,0.2564358832591824,0.901815281675563
-1.1372390303157731,0.5921052691465399,-0.2001889862162841,0.22002545273532476,2.121188418323132
0.6430183931613727,0.24274766448453272,0.9404116542862592,-1.711440582552452,1.248586665229484
-0.012760044056032302,0.24047748467937272,0.3491563371554099,-1.2057552410733592,-1.1231857974478752
0.9142597250093705,-0.8215003988470204,1.8592803006864547,-1.7729136504939076,-0.83008507330718
1.1076945760340273,0.9931121262131963,0.9270719731616963,-0.07249164217266561,-0.12177873956680337
0.8204714614662899,0.3463947245181087,-1.226963843815712,-1.7211148473682665,-0.6425910565382876
-0.817611832254945,-0.2611335273665524,-0.3272391404942248,0.7018812294257089,-0.0789499665571302
-0.1264852211052114,-0.1847129050879777,0.8916464007080017,-1.0054679947534655,1.228112769693635
0.2641429057886557,-0.10173499957875586,0.2881855781305219,-1.1064268217905302,-0.5313658351838826
3.1585280729303555,-0.8870431438280394,2.265195433572334,1.7905599034419,-0.2861048005447525
1.226617228511706,0.7413770973053504,-0.04789033046376569,2.1623841559762433,-0.2276056549361897
2.320635321353476,1.3922078708879262,-1.551864068532244,-0.8192775176822567,0.6745231685873657
0.4144978606390187,2.4739002893762665,0.4440833120316263,-0.03704958973123895,1.0368400001256264
0.21183156678028622,0.5039192426908656,-0.9118188768095334,1.963003992392191,-0.14946252290442244
0.6131668917025064,-0.82248055383057,0.049434647538719505,-0.5402663708765393,-0.31708134391152193
-0.5277769608161859,0.2009818706463425,1.078045874819368,1.7175037927466639,0.9335946736985798
1.2416012513525276,-1.0070525275090794,0.3081787599811263,0.8198082815130162,0.723284089002027
-0.15763068281252346,-0.613171560234073,0.29963854270211004,0.055520833742257795,0.4881848133551464
-1.373601784593601,-0.6589633908495183,-0.19721845554178322,-0.35312533521493467,3.2661987276388587
0.8708381547179082,-0.8332293275119562,-0.14642243294284485,1.6931492870462073,0.03170075779402806
-1.5685333021411831,0.37817929688714363,-0.10307086977891437,0.7110504049802531,0.34127493453539537
-1.8442528959155595,-1.1153425960081726,-2.7989819458324234,-0.6327639366637945,-0.08353098888269872
0.2884098097036864,0.6672413517466175,0.39327517604536055,0.39272638735980203,0.6164210910015979
-0.9509111275132038,0.7953328036661017,0.9902471526518748,-0.8779615661275644,-0.5249991939181058
-0.9107320940679883,1.0374918543476472,-1.2976329106720241,0.14894542920964707,1.007706741161176
-0.16194917030258707,-0.020431192602677138,-1.5219683620373983,1.5318780954598052,1.8291022366615455
-0.4889017657189437,0.618953085869227,0.6210113076638747,0.5318477611998056,0.08528806863747161
-0.2227820079355132,1.803063510716471,-1.5075225851237388,-0.7596671158112952,-0.06832472471935039
0.2720664964380541,0.05299331129256199,-1.679402138357964,0.3479841407047522,-0.5634654068453704
-1.1685308938304417,-0.17789008683418156,0.7889762007303885,-0.6978027000250895,-0.4735740582702314
-1.2242343069292236,1.7724825619554114,-0.6542823605346588,2.019314773346053,-1.7035345199042762
-2.09947869962566,-2.5088036130808864,1.244903010316905,-1.7936995340657393,-0.053720048416487524
-0.3902426300595381,-0.4565891853592341,-1.2922644178649811,-0.6595075524102062,-0.881344065999289
0.6642817577590343,2.430377536937378,-0.6143524736225964,0.7714533379576839,1.2558914337085725
-0.7022640071801781,-0.4714540858987137,0.24169521135515235,-0.820341096137544,0.15584155053997628
0.5013275343084704,-0.5603284911483231,0.5493491479917918,0.017888181820596216,0.05493268070643598
0.5403137456977438,-1.2264673737636387,0.4676343175627149,0.6545352234978218,1.398552442743476
0.9907509865319748,0.7929503635982146,0.1914570030090388,1.257698766447978,-1.7756483765137583
1.0905569245425024,1.0484692410202539,0.2844499359471987,2.2292114613812792,1.9750660753404177
0.7766844840780189,3.4678597293511206,1.5293194533673782,-0.24349783131208258,0.7732558651027185
-0.2689286262484045,2.918985409350602,1.0355403111513344,1.8710559222136345,0.9782381897708049
1.4824041886503871,1.137405646537367,-0.6628948564473345,1.14607804749196,2.140973878310464
-0.4415337549800029,3.0749515249027226,0.5085076701170526,1.8533285707998772,2.7928945257570206
0.6955469966981966,3.1103962465604127,0.849933121306011,2.576784259600384,1.8701030601980881
-0.40839131186516586,1.2262406844782134,1.0813323466046576,0.6605876231448802,3.004849779076671
2.301448255223349,2.539885187127058,-0.6787769712890666,2.805934834263306,0.7698686979220897
1.0853904861311856,1.6292597430898395,1.2553360871219454,0.35660642660279807,2.0381580851706262
1.4789531113888759,3.2508010869041546,2.529051343580348,1.3408316934537696,1.1691060702793779
0.7371629485376865,0.737934196997504,-0.5927266022625313,1.606955631164682,0.9426432165755658
2.586840092674736,1.5914661037049436,1.4387902898205354,2.366823076724736,-0.9315599903056582
0.5960180662291227,2.8207899957466704,2.3436514170588625,0.9768536666013583,2.4601821243235946
2.151702957652989,1.9204662053961294,1.3803477082838418,0.36412585442081347,3.574850259652809
2.153125113623638,2.576393074829909,1.5890642548346996,2.7166141169887617,2.199640559375288
0.47440493599562183,3.737545209041018,0.5249617918187336,1.662642928190036,3.07632305174892
1.4293589115695453,1.5736410321729735,0.8148109653111829,-0.6136778771099438,1.7589804263138338
1.1266001713642497,0.9041754323829696,-0.14471542350324018,1.6199224221749475,0.46958040560210934
3.1149897739959993,3.562285101697228,0.8784939385371653,-0.4005867979920854,0.8275282768034092
-0.5845486053733993,2.318284108372438,0.3419672243749057,2.6871665848155324,2.8023761596903283
1.3108506711271692,1.4180373491703975,2.4472509980236543,1.117222125136134,1.2196385639298855
0.030391597435520668,0.43120438332247035,0.8829426353727611,0.39160664315285354,1.7914422869110085
0.41085085259055876,1.052664747876412,1.6299347900245715,2.5269298495103394,0.36685140066761424
1.331433374521036,3.312237661282378,1.3753071961025247,0.7892967005936828,1.5169350751666573
-0.2980531234625121,1.5848577422658336,-0.01488733569272127,0.4815280485062282,0.07413319076840486
2.0717024481459547,1.8498171942074764,-0.8898582159862081,0.03822945593845706,0.9975764621799657
1.4214066251969721,2.3000377375373695,-0.4337564920575592,-0.16764802945527335,2.4594922515074593
2.4224088192028956,3.176818179089489,1.2759410227153918,1.5757791866922148,3.409653498668078
0.6881490166737658,2.152397257281781,0.6987919746357523,0.9682536861593234,2.1854411571993264
1.9130286369483116,1.741510812806945,1.7595029088842082,2.088484408845746,1.7972382447171924
-0.11891029640729966,1.1475289144318674,0.6200525151165507,1.243306034580109,2.773261142485506
1.240834278150258,2.582815048958688,-0.32230293048047143,1.0903135274497684,2.4280194577016
2.123422478452225,-0.08830674639166425,1.0963315771043038,-0.42146551394430687,-0.7488707399792143
0.3517896153168606,0.8250181372051932,2.1010479159111393,0.524536092554039,-0.0915666259748833
1.0873710710727538,2.736324803722991,1.2654188321563695,1.4044296260482911,0.8666443549262648
2.6346791902096154,2.4468694125179784,0.8140446407473707,0.8718548623785913,0.8263915217224013
0.21549364358161072,0.7231600857701916,0.5790668357732756,2.5750468404841484,0.09976936680977277
-0.11038917436456686,2.5370168311234877,2.2681221143578405,-0.5314305187738613,1.0217463485872447
1.9336115127150806,2.46946927841302,1.9143071564477445,1.1188020609456912,0.7688234930443398
0.9765127245954587,0.8156985312988034,0.5703485444888686,1.4145755749104902,2.8002215592862947
-0.100678821056573,1.9282230350108471,-0.34639384314796895,0.5776424028514296,1.0900246665621602
0.10628984101305672,3.6020890248907502,0.08644963621783675,1.4120028275046839,0.4239837539739868
1.3462687651532863,1.5064792091970245,1.3333266941572064,2.9612674944952904,1.2837337836997529
1.2448838576453176,0.6524540595428856,-0.09258876641080627,0.24961121404402697,1.0150325809143643
0.6484216628897616,2.15875512000066,0.6130488916753453,0.949118483200788,1.962160541284486
1.5644324298371868,1.6412945511814203,0.34022247738408895,2.0279375147271383,0.21448309147547429
0.2690316983860379,2.4101637191298138,0.37552256089638625,0.0939453683264686,2.280323167621411
0.6802401250019979,1.9451667913210446,0.7736875174422875,0.4418057738529588,1.3360486290498985
0.2743432062780825,1.618558553905296,0.4491590463476649,2.7229533059533555,1.0999700312617022
-0.2786930845212947,1.1797486137141266,1.736589248414764,0.5440298115920735,2.4938879807736947
2.6141006979775505,0.9764890986343018,0.08045112598075765,2.316543105286785,1.5910701646908054
0.4302313197197951,1.394835253564359,2.0350392949792244,0.6409039356737072,0.14718695006010818
0.997968476476845,3.760522555783928,0.6565926295926685,1.4060273503119163,3.8707943643457874
1.9575390950923508,2.1476542700896752,0.6921171423569306,3.134366773357689,1.3583038420957128
1.7377820953168999,1.4506454865063683,2.2955708256022254,3.557163328510417,1.971057853623039
0.658605684808194,1.8721355438764475,1.2610885572817945,0.8568481124029415,2.054827130769866
1.8885773259562488,2.2453281638178266,0.5977275984820221,1.2699890285296789,0.3934742288087858
-0.17972358910985697,2.276074287743522,0.17304435319497558,2.339090689433083,2.921142528097201
2.3814747928427593,2.3187179116934287,0.4827829228340055,1.9075118636577901,1.951117425992074
2.160443997114834,3.0905399301591125,1.3999093669464,1.0669782230122673,1.8436535870488764
1.0185126025186342,1.6561179621016706,1.8471342331178686,1.0905302350842367,3.0506400178458803
1.4038923145484978,2.3551164087391343,1.0480109567022782,0.5159715127906283,1.8590951448701807
1.9795070846861131,1.3813846455473537,0.5070769245242976,-0.9719804418797737,-0.022284852745294126
0.6722640283549295,0.1410498278433987,1.335437075179618,1.1433483266947462,1.683940222161695
1.5454071989441664,1.4280636497274324,1.6712144486511513,0.10213139118943526,2.866993414172074
1.6871986393448999,3.417977350203393,0.5783376477099993,1.0720595508169852,2.91263283695454
1.3719510291131078,1.6454050808710567,2.443126502762162,3.7682994051388903,1.964676010233223
-0.42053223332008627,3.02188000480847,0.6357190087275852,1.333886040215193,0.006526561797795871
0.6643335207330021,2.60181964077843,1.8982881506394689,2.8095276917373684,2.796442167138081
-0.9762429573467233,1.4027492152323247,1.9683438281306687,0.1892855252143235,1.6426155480656304
0.6169885378238517,3.9133554725628326,1.0566274263603561,2.5755726568541846,1.8918927570984532
0.21014219574159787,2.873431898491213,0.9153335340823181,-0.3736142131993272,2.9812723278140947
0.9039596179632647,2.9025772041921876,1.8720104110241527,1.0200737763660555,2.102756838819793
1.377406739391613,1.090366305185849,-0.8036553272605822,1.590753483973437,-2.0222112471787943
1.8300145060335207,1.3529250540573536,1.0337400768363068,1.9201027152350387,0.036263626531920945
0.8568333829389312,2.6464430247015915,1.0691386095132895,1.1757376731362643,0.8719914677162447
1.040143401088322,3.1997529657239916,1.365586778607021,0.21777623118000466,0.40870695355903175
2.0132833135328267,1.9736199285724072,0.11514030504879025,0.08232378789150951,1.8534641224424446
2.2967131238641008,3.7119351265523406,-0.41017536602560645,0.5778426349989123,1.8519596600772366
1.2175918054934398,1.872201056946695,-1.6383796056011901,0.28083384386789056,1.0068868095270285
1.8612564993416072,2.7180546028757,1.545101683343957,0.7209138617828466,2.869457594518802
0.27009900222253425,2.003366681567487,2.078006343200159,0.34947630879607405,0.9119175162082618
2.5856216216432193,3.093950948807526,0.5556696387827581,2.542057403907842,1.35440699525877
0.3372274443701905,1.672920599639509,3.379326977963064,1.5699157282742384,1.0326220645132498
1.5381243112683014,0.49168483061783963,-0.31128158936808314,0.4610160251923848,1.7546170827637566
0.9346674491948622,2.302254268988633,0.8543119389031014,1.5768115972791015,0.30584390814119367
-0.5864911029997606,2.0897357446064784,1.1057850358977817,1.6230121604477628,1.3878083292384789
2.0774678464304275,2.528095275172903,1.6823522977226575,0.3639508475795701,2.530324391737423
1.6952054142881945,2.338199486683233,1.1210397983643794,0.11082625336667928,2.5137801820213985
2.6476251926678493,1.3306648956012501,0.23637885285833704,-0.6349354839834884,-0.24607687258257016
1.2948403395407766,2.66403808459302,-0.523023071692662,2.1727932715733407,2.10671918851518
1.7049827622955562,4.610157546090484,0.4133070679826082,0.28785167389854194,1.2420160022821076
-0.15145038712236691,1.3585360206934938,-0.3637439447419486,1.3467378719573497,2.1505362609315233
2.85946482253658,2.9322853396129367,1.7235947914443202,1.3831109190016633,1.8721185272100622
3.37145856446597,1.4222336566129408,0.8963724228664803,1.3912162800663173,1.3839197834803723
0.6186800318631649,1.0915739532802813,-0.8530058182322355,0.6617954536180389,1.6866836953305828
0.30521880923901723,0.8771881363237972,1.3655946748057972,1.0736485409351066,2.307902351093115
2.0001102629850522,2.575367846768864,0.07759189316124171,0.9930852708677552,2.4260247297599125
-0.1352790317824366,2.0332441233398284,2.3503775336534503,2.649570901585704,0.9503107554232053
1.1536093725835772,2.8736990004457494,1.0521978666724778,0.14381643760948282,0.3726466569446685
0.8651814822305277,1.809986406631392,1.2292332688334366,1.094087865178719,1.2809476707223586
1.8266300037296408,0.8246377170199704,0.21262066334285534,2.3664022342875732,2.719997326180089
-0.9688456648260602,1.8016515506447068,1.5230164030377007,1.7210680434135561,2.042812473906226
1.1234378295289948,1.9262324251190697,1.0649030388334753,0.2117906429500962,2.0939992034191954
1.2619165638314058,2.6124001419300376,1.2161671320640046,2.093151508160772,1.2574668387941406
-0.7710953149390807,0.7895668272765985,0.6797266074068293,-1.4018359761903667,0.9343402247704506
0.8411598366848663,0.15687250058705504,1.6433800027620609,0.8074102111752584,3.7770324710382672
1.6291756383134297,2.4588416310897436,-1.4392061415957143,2.867747071160345,1.5948349833279505
-0.27577045077744033,1.2234538832970427,1.1656803478570512,1.7984607142825115,1.666752540362061
0.6999601486187992,1.5092266654631739,2.048206555153249,2.0916083236916436,1.4263031599123779
1.19684922663339,2.5503827224273175,0.809333354371705,1.207046941720077,1.7697149321621293
0.4774159582034394,2.018332362419599,1.57813357919509,0.9197835915281876,1.3804903400819257
2.5731803177806842,2.1649243923549593,0.4045047427944467,1.995916359954407,0.6557829806260107
1.7694352828333062,3.1843035460211375,1.1727482174561452,3.6170596526115126,2.1929427393114396
0.42124151182613545,3.065905947573163,0.4160230939890315,1.0316008947712698,3.1397886521297322
1.331622862338979,2.003592523643156,2.1450258603249304,2.7370207099107153,1.8848688161912734
2.128816596863971,1.4683282226293315,1.4699428356263726,0.760697428195676,0.9558509147513197
1.2482191591540748,0.8062117881604884,2.3759267722266078,0.8699281705790896,1.7564281947878047
1.5569223055881887,2.3157646503439575,0.9582401177255627,1.9507352849159492,2.720303465665091
1.6431406978473784,4.3130772542769975,0.9406907665702128,0.39794738921681905,3.4831433043254787
1.739145323470958,3.0470784567874754,1.3133040713282291,2.24227565958394,0.29475625098938374
-0.322744595462678,2.2249573220379824,2.4483907046821276,-0.38326652093019287,1.8140099389911146
0.32320643131250915,0.9021098772855445,-1.3901478470521567,-1.1207483801709828,1.2667160144001315
0.6471121011789589,0.7741384797226165,-0.6765539560304157,1.1410789389003944,2.2446015967265938
-0.5974286905154371,1.469975464524993,2.2667531802544527,1.6288818716421551,1.8689164578258968
-0.40188485101040317,-1.742181900306294,2.8935345290261747,2.5754035557501824,1.1113717946676833
1.3576455758846768,2.4173884611352534,0.7952261769115332,1.4196683216636972,-0.10718819866028984
1.35890957913073,3.2434944917598716,2.353813429338363,2.254429153014436,0.4858247033870404
1.9245989317453864,2.11058381190674,3.17019327014232,1.5405602902078093,1.0935995971893584
1.3655977378162647,1.6729162930899055,1.1896959843717783,1.979496528051774,1.4262978429113016
0.23321773253078915,3.352896106300812,0.5444729782697085,0.3312298117160196,2.8757431485163547
0.9842764304540197,1.5722571772869367,0.5228059931003846,1.2235929241709522,1.105427971447695
0.2834882934557502,1.420626859408396,0.7438704668256919,0.702210116475121,2.0720339110491994
1.867157849702732,2.925968381578101,1.7986738782837852,1.0630107053649538,2.6058235801746776
-0.5109504182167988,2.005510408248927,0.8293528136282894,3.596650265597412,1.9316629669561909
1.8594469421291455,1.3655091471921401,3.037309133547715,-0.10415610074067949,1.784797972206992
1.498096965319234,2.858326534883988,0.6603187935789778,1.3341771376377267,1.08945256632826
1.7730936471191763,1.5192235533946379,0.2841439917185987,0.9790993332564861,2.5413195992381636
0.42138175888591667,3.4897072069204507,1.5445196661076186,1.6793827067807547,3.3286172923529618
1.1971315477748372,1.3706087934607434,1.2353109190329232,3.0926788938601986,2.1755380053925304
0.9589657078666032,1.4060492436059073,1.4625262684938254,2.2123146510874365,2.0073142054677278
-0.5108492932690507,1.3713059591321137,-1.0938763592943843,0.6430862292706019,1.9353697835526291
1.4847840592909434,2.3562516495980272,0.849997477137822,-0.13376641912313136,2.7340384888157763
1.442595082487348,3.3050857828641176,-0.8335254745714262,2.1479931366766323,1.3691025473170235
0.25689495674813134,2.3656744511340517,1.1853387617412299,0.30788210202249544,1.1878070055115675
2.240029075422232,2.772077876017467,1.7649890666563604,0.5847370135052135,2.2318638183611212
-0.7651225824551386,3.255326003545583,2.179579026171319,1.7653500362243741,1.3935187334372703
0.5890058531548452,1.871665156549419,1.7529677500469862,-0.22244831713971114,2.591823691199314
0.6091698835105828,2.948623345824094,1.4840775403530198,2.8562473593508018,0.23613117261202277
0.28628342936098683,1.875500465800528,1.7754375973693135,1.4028212500388098,3.026366038630905
0.336055302213649,4.099940534752762,0.9433387029770357,1.0659106509788394,0.9693808953312428
1.4830469802028772,2.260281843488136,0.9614985875661278,2.1078247194187387,1.938549415338402
0.12620454906634437,1.4545207762489425,2.0204474719352454,2.10621312653268,1.2321207140022603
1.0688804359139286,2.1004315104948055,2.087283892784982,1.0508290699750473,2.413570614848185
0.5748778870198552,1.2670959119478087,0.5291697776576043,2.4023330092955155,0.28250374711787796
0.8716375884952563,0.47584181832078376,-0.7972797404856029,1.667311299688822,0.632706268668257
2.9323487712141745,2.349780293713457,-1.2953226877787034,2.400002729547998,3.3323796970538293
1.8855213071570436,2.6540011296987327,-7.190542476998019e-05,1.1089072006643266,1.0016384243920866
1.0378686874686371,1.155045464169026,1.4471175585663514,3.0487457809836984,1.7623171020060246
1.0314795942493118,1.1948849323476463,0.22415908880230762,0.5167939548236417,0.9012950269996608
-0.9026101835738953,1.509249176406693,0.9146656071501708,1.933084590070612,1.846706668329981
2.0207733591015105,0.9942903081504244,1.369390969412326,3.322389516313577,2.875926064334439
1.1545235699045706,4.691354253413802,-0.3862108538608793,0.8866517808562399,1.7686839767411369
0.5659837365957227,2.3715335212852473,0.14975018045949684,1.9346359294279512,3.426186381179594
1.0374273724358747,1.3468736755452912,0.2506183543706134,1.6195529135327706,0.25025983689415265
0.8909924309892675,2.4243229052749555,0.19821058085964594,0.9517543240352595,1.415357059450277
2.8320231480310847,3.229528264247252,0.5607505811786138,1.296445757044913,0.825958446008512
-0.10684615753157445,2.677596786567671,1.7871794730245778,1.9177847993184196,2.068500196188389
0.4384668881549042,2.916649644994493,0.4925289536838726,3.6284795497971105,0.43833151479848365
1.2628059648624106,2.480745482406847,1.6943105027073107,2.186427949093716,-0.059594505161157496
2.8541636883709693,0.49285510089942,1.3403270058701617,1.0559145142485593,1.3064668696343982
1.257336215331609,1.2401066792563835,1.1918558438232276,-0.6731220174747006,-0.11503754424699286
2.1111368889720046,3.0598427728678272,1.9750324057599151,1.5490601139552613,0.8018948961685687
1.7526193452578451,1.8019150504031798,3.140160857497697,1.5609775033944715,1.1526978024867058
1.7189455973262024,2.2592014619433476,2.4673328156611856,0.5085193142691934,0.029607901312656226
2.287538997666063,2.5549245051230116,-0.5840338271802559,2.3093332578503936,2.2639193748522595
3.2912295576216315,0.9785783234805543,1.5299118596608612,1.690872723198315,2.0056123602738776
1.14758504544749,2.190112789938055,-0.24684433052442656,1.886900356889202,1.072851292313353
0.7099798754910229,1.5652116614747285,-1.0107963069907608,0.8138132800907396,0.3076608161682328
1.1872142366453349,0.5258333441099297,-0.21070886862255955,0.6161456181297809,1.4247043721183419
-1.3113443708751453,1.1559187979450183,-0.13127501879397285,0.1894194292514617,-0.4729471794129665
0.8840491050453053,1.4971655556441936,2.3542969003863803,0.777459078406412,3.007417542471249
1.167839318547587,0.6607801527302068,0.5235129680714037,2.0268423822684047,2.1355296971779003
0.6337012372716051,1.3970363146004638,3.6807219485403113,-0.9553467494130394,-0.05354588812437533
0.783126343730973,2.439532424525412,1.3908170743387538,-0.4719723912807623,3.6780794732876494
2.236237417974615,3.5715062681433234,2.0039972882260892,1.3265898927899047,1.5464534336638927
1.0825200718312855,0.8684513085836725,0.8540060874937132,1.6284930217637288,0.22660927940397735
0.9701021585457738,2.3453186663376897,0.7204216511418648,0.351170122633499,0.7739553255210951
0.33865403860232646,2.523387677571659,0.21663199325717575,1.836442170993903,1.9627072039663345
0.44275616745047197,3.043964009121356,1.1608165446256058,2.559021923156605,0.260205377086252
0.8990968439227262,3.2598690621946,-0.4829353376464023,1.9837428227725726,1.2264555526348115
1.1279268210588638,0.8941204931101885,0.14993351229815188,-0.2633946487253822,1.5984941520640756
1.3886092055815094,2.0613731465771368,-0.06922457894252365,0.5694363205990153,1.2750306677303205
2.635242418474671,3.2306936860998556,1.1683383216451264,0.4461893424407125,1.9036668632536777
2.3565647515412436,2.545105731961562,2.5159018195738394,0.9612472310127713,0.9879865418853678
-0.19719663677227506,3.3999759527360807,3.1575288790578333,0.6287153767062333,1.4494837589033978
2.7565888155757774,3.216488319424319,-0.7557021592392579,0.45838539434812864,1.890727367906906
0.014501323100113539,4.343799603274604,1.346747318167624,3.209913390711584,-0.520086940653919
3.571211435713128,-0.6200232608067631,0.34589851495823043,0.9670307923069755,-0.21820703496873328
1.1992869931633914,1.668149437745067,-0.08147811125080251,1.147573458845489,0.6329216110378564
0.5612722135220041,1.6613664720810126,1.1033802342993997,1.5863622581402101,1.7798538355472548
-1.0213034000306256,0.5763771936341606,0.5281356059939055,-0.43222199134124795,1.902794671206397
0.6020192384502243,1.478763284229532,1.0511188115294423,0.158366939707008,0.9688784639569348
2.542144105825698,3.4222332042131822,1.76850576727816,1.7698647986959088,3.0124335119445877
0.5873395693370635,2.0592934632032027,0.06451946256539465,1.6513896536036712,2.833004285800902
0.5491794466326541,2.9605852305717204,0.8472894003183491,0.13898164348597009,1.5228935379790125
-0.31300998021248305,3.6349072203240502,-0.7003572334734474,2.4256580325721657,5.025535825655795
0.42131377904458167,1.590382628554444,1.9888518040330974,1.4416906488066328,2.6833925324843815
1.360030261727629,0.6828803530242735,-0.7456983707535527,1.4092836542914944,1.6369784281614583
-1.0622844670163363,1.7227032356440177,1.390850984801888,0.7500275400685851,-0.024851860903291056
1.6673546723911796,1.285307277396522,-0.35200000614542204,-0.5312810909449275,3.579834375936306
0.5188866832364467,1.780714567026874,1.2189942540305896,1.169123072286209,0.6364484696226145
1.8043281439364947,1.7744168831538047,0.5497083473246962,-0.2649710341592091,1.7737311297574532
0.9956542683830372,1.2716359968889233,0.7214713377919698,1.1353333088439275,3.6208149102693694
0.5573065316874786,0.8553172129662994,-0.6038887713029808,1.5073464672684769,2.3427311509709936
1.5027637911016698,1.622312688197506,0.08893141363137902,1.4979622466017517,2.0709966764696497
1.5051537622779536,2.0146259034981817,0.8069786791767871,-0.0862719161209542,1.5545801655076326
3.0251210489010627,1.1043287251901566,1.071678864048977,1.6665999810790422,1.9452018986140862
-0.30120266954646135,2.3522393745908423,0.8086866147910506,0.08953389669857881,3.59016798986642
0.2979693471229846,1.8558719925309612,0.3587703763257526,1.5516724602994323,1.2390399616194654
-0.22344659010779422,1.73934360555112,2.3285546788288687,1.903201322464997,1.4784609642472806
0.42987557115166575,2.9117332899595083,0.8055365839427273,2.898405885423754,1.2444218466171595
0.4946059878034298,4.3061824201567305,0.22410312860461967,-0.7508041884248711,1.28795057605448
0.5585721544837516,2.847643437628613,0.24135287479077983,2.1292621788145185,1.5275184022033486
0.5310733392295575,2.6426908694799156,0.9244013346528044,1.1378448883929277,2.318874128849351
0.4896126717374081,2.004720044643652,1.9290041793329689,1.224689867018034,1.7882094673165603
0.7628681694107173,2.129786512159343,0.5754324723969558,0.7375958322761652,0.9392798422278752
1.4282352496883037,2.581429272410278,1.8715655724330607,1.5341547244694307,3.3519614636188653
2.113710723628235,1.447019717021839,1.226524455388796,1.0413814613905612,0.8304302916227487
0.6350413905343434,0.5074412048446786,0.4366739894434738,0.6812365524690506,1.3695633779078753
2.827429020384529,2.4291118571226002,0.18277779163229613,0.7613942774167101,1.7800974062421109
1.8727574571745003,1.298133750013824,1.1773440459844677,1.9162819457599527,0.017794817896538806
2.2196688501636195,2.3937169920044465,0.8966729835032645,1.7916270638072098,0.6909182996512884
0.019799431696293612,1.1694577350889066,0.09500941045964251,2.400619889334106,0.4063381423126198
-0.8281874367485984,0.7465828266632231,0.20565735372080995,1.6629446251878077,-0.9642969627222697
1.3269444366109318,0.5965698827737795,1.5391282029488245,1.1541059390399744,3.8330000090218475
1.3443284557107449,2.2811014618836465,1.521663916898673,0.1616283597511372,0.9696465694395671
-0.7002621447397857,3.954539200464043,0.6885996048295542,1.6147839259603665,2.540059477705311
-0.48587370377393735,2.2004380463769335,1.8261277035421306,0.9934149267243133,1.7171940815300242
1.3520621698723627,2.4905035185407605,0.6500593410268605,1.5215153148178115,0.7058616693214321
2.0364504160477077,2.143809034242033,0.8844973100494389,2.1745796282890764,1.6596101984301435
2.356346450448583,2.230095885698946,2.234821718295679,0.8071525492212631,2.104744570803656
0.08173704794243597,4.365475089230738,0.46007901354116065,0.817739555667747,0.5571864374354027
1.604622208480961,1.218731785579572,-1.042955416089744,1.0408065600944987,2.89810444742256
1.6142443805619378,1.8411107266867435,-0.2888801541503354,1.5125962914668314,2.896838724663196
0.9679248379598726,1.3262906476003522,1.290848756277628,3.33693710094017,1.602623522026021
-0.051870739433427016,2.7140481938102976,0.7842077566807379,0.4271051682015551,2.314347405336729
-0.10447694869903068,2.2551892367876722,3.7513402765667245,2.6399268839782315,0.48139894228706814
1.740518464413358,1.6727377126698828,-0.41507661593414746,1.0845675863075008,2.2718737915999
-0.6820671241957708,2.742107093813669,0.7561309909490621,2.197896256729064,1.5716899790413914
0.7050697167788975,0.9942960646715424,1.0402507007851807,1.3597067614548055,3.3085179535218727
1.1404751741579207,2.119420677272225,-0.37382942980188383,0.7657881799653056,0.7429268646635793
2.092968866655347,2.2004417562873386,2.079187314837066,1.0408003154933687,3.7115092156382925
0.6408496639869417,3.5738512386036305,1.7439311594983344,2.2588740522595683,1.720084873569364
-0.39248673729459505,2.5386275774620994,2.5428606500981497,2.566785588399072,2.145507771869766
1.3480404706374183,2.033060707002261,1.687522146743599,2.2610216035103345,3.1495293028176965
0.2803393252471261,0.65825391967794,-2.550168303902499,0.7362386276135343,2.8029503430681726
2.7774803176697005,0.5290915930652715,0.03294684739827114,0.011176097915037708,0.8241364323893595
0.13205797007496645,2.590630951373579,1.311790428200211,1.7008676896375226,0.7847605723212897
3.0424153058014007,1.7588092887841715,1.2833704514821405,-1.2125507397403197,2.7747502963202826
2.0541098474681507,1.130583031594183,0.9337621352822335,1.324230938224021,1.5643019123217228
0.9830843055551297,2.181603181224834,0.4525032155810187,3.395560090975226,1.2552891258194645
1.4791654409733217,2.227879844410066,1.0680562479023734,1.1115634472954021,1.7825170228107177
3.402745200627757,3.744719933506269,1.5129737362105327,0.655807874666205,2.735768141190294
2.400644238375661,3.8178741300409467,2.143096051656559,0.29223342545555275,1.5411103243787596
-0.3284000995320473,3.0616329045964594,0.10605488258609275,-0.5109597566395474,2.009282182272059
1.18471418700545,3.0839853855969865,0.4282275619229652,0.81056000080797,-0.6154049426776698
-0.5348495436433005,3.275773468844088,1.8478960102961524,0.31609279955329617,0.63341480074247
1.288671075986219,1.0584276020211782,2.5726268539520625,1.553466172886285,1.060843971161149
0.931836274346763,0.40054958437142263,2.055721019317242,2.087968431973862,0.9380323438991017
1.2883731513833903,5.16625311280659,2.3410137668631794,0.706704071966185,1.2778942208143675
0.19492400382488295,2.3186673120677157,1.2492753734437323,1.7922037402783568,1.2086718893938437
-0.8269850899288989,1.337063324148923,0.19829416072870276,1.8654846718718239,2.357745314138152
-0.07243259739741026,2.0079258945602185,1.6797478539454311,1.2571944588958504,3.1360830270359403
2.874892190685128,2.0690094191002677,2.726379838041763,3.2564485169235966,0.16496698508502994
0.8702655606230773,-0.07002803258523249,1.5060595062341693,0.02779780765250761,3.4528445319577408
